xmin,ymin,xmax,ymax,confidence,class,name,time
273.4900817871094,422.37139892578125,478.82440185546875,821.5465698242188,0.26780450344085693,0,person,0.43333333333333335
274.740966796875,419.16912841796875,478.9468078613281,823.8782348632812,0.2587291896343231,0,person,0.4666666666666667
275.19097900390625,418.2802429199219,478.9209899902344,834.3187866210938,0.25873327255249023,0,person,0.5
275.6003723144531,418.61572265625,478.9344482421875,837.2615356445312,0.2528473436832428,0,person,0.5333333333333333
275.13128662109375,418.7818298339844,478.7710876464844,840.0368041992188,0.3036113977432251,0,person,0.5666666666666667
276.76171875,415.5364074707031,478.8300476074219,839.4343872070312,0.26316037774086,0,person,0.6
